Date,Closing Price,Change
10/1/13,123.655,0
10/2/13,125.455,1.8
10/3/13,108.585,-16.87
10/4/13,118.675,10.09
10/5/13,121.339,2.664
10/6/13,120.655,-0.684
10/7/13,121.795,1.14
10/8/13,123.033,1.238
10/9/13,124.049,1.016
10/10/13,125.961,1.912
10/11/13,125.28,-0.681
10/12/13,125.928,0.648
10/13/13,126.383,0.455
10/14/13,135.242,8.859
10/15/13,133.203,-2.039
10/16/13,142.763,9.56
10/17/13,137.923,-4.84
10/18/13,142.952,5.029
10/19/13,152.552,9.6
10/20/13,160.339,7.787
10/21/13,164.315,3.976
10/22/13,177.633,13.318
10/23/13,188.297,10.664
10/24/13,200.702,12.405
10/25/13,180.355,-20.347
10/26/13,175.032,-5.323
10/27/13,177.697,2.665
10/28/13,187.16,9.463
10/29/13,192.757,5.597
10/30/13,197.4,4.643
10/31/13,196.025,-1.375
11/1/13,198.049,2.024
11/2/13,198.932,0.883
11/3/13,200.543,1.611
11/4/13,210.308,9.765
11/5/13,225.02,14.712
11/6/13,248.253,23.233
11/7/13,262.327,14.074
11/8/13,294.487,32.16
11/9/13,331.103,36.616
11/10/13,285.888,-45.215
11/11/13,304.98,19.092
11/12/13,338.137,33.157
11/13/13,357.48,19.343
11/14/13,402.954,45.474
11/15/13,409.104,6.15
11/16/13,420.216,11.112
11/17/13,437.297,17.081
11/18/13,510.603,73.306
11/19/13,693.65,183.047
11/20/13,531.542,-162.108
11/21/13,574.716,43.174
11/22/13,681.33,106.614
11/23/13,774.18,92.85
11/24/13,746.194,-27.986
11/25/13,768.848,22.654
11/26/13,789.365,20.517
11/27/13,893.182,103.817
11/28/13,934.355,41.173
11/29/13,1068.363,134.008
11/30/13,1154.926,86.563
12/1/13,1099.519,-55.407
12/2/13,1019.79,-79.729
12/3/13,1028.845,9.055
12/4/13,1071.285,42.44
12/5/13,1139.331,68.046
12/6/13,1004.616,-134.715
12/7/13,759.43,-245.186
12/8/13,689.81,-69.62
12/9/13,841.84,152.03
12/10/13,916.776,74.936
12/11/13,967.429,50.653
12/12/13,866.29,-101.139
12/13/13,911.232,44.942
12/14/13,889.819,-21.413
12/15/13,848.998,-40.821
12/16/13,868.953,19.955
12/17/13,653.805,-215.148
12/18/13,654.063,0.258
12/19/13,553.692,-100.371
12/20/13,693.059,139.367
12/21/13,649.39,-43.669
12/22/13,595.959,-53.431
12/23/13,647.683,51.724
12/24/13,671.581,23.898
12/25/13,659.843,-11.738
12/26/13,702.001,42.158
12/27/13,758.01,56.009
12/28/13,734.012,-23.998
12/29/13,717.926,-16.086
12/30/13,752.82,34.894
12/31/13,744.172,-8.648
1/1/14,768.408,24.236
1/2/14,769.098,0.69
1/3/14,804.027,34.929
1/4/14,813.317,9.29
1/5/14,871.116,57.799
1/6/14,970.651,99.535
1/7/14,962.464,-8.187
1/8/14,855.759,-106.705
1/9/14,860.842,5.083
1/10/14,847.533,-13.309
1/11/14,892.261,44.728
1/12/14,916.697,24.436
1/13/14,873.272,-43.425
1/14/14,863.699,-9.573
1/15/14,853.257,-10.442
1/16/14,874.074,20.817
1/17/14,842.192,-31.882
1/18/14,834.867,-7.325
1/19/14,838.429,3.562
1/20/14,881.876,43.447
1/21/14,873.289,-8.587
1/22/14,874.133,0.844
1/23/14,864.561,-9.572
1/24/14,838.15,-26.411
1/25/14,834.574,-3.576
1/26/14,858.126,23.552
1/27/14,887.083,28.957
1/28/14,830.531,-56.552
1/29/14,832.895,2.364
1/30/14,832.874,-0.021
1/31/14,841.489,8.615
2/1/14,847.364,5.875
2/2/14,854.723,7.359
2/3/14,856.034,1.311
2/4/14,847.707,-8.327
2/5/14,844.288,-3.419
2/6/14,802.753,-41.535
2/7/14,748.436,-54.317
2/8/14,692.669,-55.767
2/9/14,668.865,-23.804
2/10/14,700.448,31.583
2/11/14,694.313,-6.135
2/12/14,665.798,-28.515
2/13/14,645.615,-20.183
2/14/14,578.413,-67.202
2/15/14,641.91,63.497
2/16/14,656.273,14.363
2/17/14,611.045,-45.228
2/18/14,634.99,23.945
2/19/14,618.79,-16.2
2/20/14,619.843,1.053
2/21/14,545.763,-74.08
2/22/14,561.535,15.772
2/23/14,622.22,60.685
2/24/14,572.768,-49.452
2/25/14,501.155,-71.613
2/26/14,550.603,49.448
2/27/14,573.103,22.5
2/28/14,567.293,-5.81
3/1/14,551.73,-15.563
3/2/14,560.195,8.465
3/3/14,567.7,7.505
3/4/14,666.148,98.448
3/5/14,660.84,-5.308
3/6/14,662.023,1.183
3/7/14,651.285,-10.738
3/8/14,612.33,-38.955
3/9/14,611.163,-1.167
3/10/14,637.615,26.452
3/11/14,626,-11.615
3/12/14,633.747,7.747
3/13/14,631.755,-1.992
3/14/14,636.414,4.659
3/15/14,628.188,-8.226
3/16/14,632.953,4.765
3/17/14,630.348,-2.605
3/18/14,617.243,-13.105
3/19/14,616.867,-0.376
3/20/14,601.015,-15.852
3/21/14,581.333,-19.682
3/22/14,570.362,-10.971
3/23/14,562.953,-7.409
3/24/14,557.168,-5.785
3/25/14,573.35,16.182
3/26/14,572.492,-0.858
3/27/14,570.548,-1.944
3/28/14,509.707,-60.841
3/29/14,499.25,-10.457
3/30/14,486.808,-12.442
3/31/14,472.478,-14.33
4/1/14,464.88,-7.598
4/2/14,480.166,15.286
4/3/14,427.875,-52.291
4/4/14,432.997,5.122
4/5/14,453.871,20.874
4/6/14,462.445,8.574
4/7/14,456.469,-5.976
4/8/14,452.81,-3.659
4/9/14,450.481,-2.329
4/10/14,426.983,-23.498
4/11/14,374.592,-52.391
4/12/14,438.247,63.655
4/13/14,423.516,-14.731
4/14/14,409.032,-14.484
4/15/14,455.283,46.251
4/16/14,517.097,61.814
4/17/14,522.455,5.358
4/18/14,490.879,-31.576
4/19/14,469.383,-21.496
4/20/14,507.807,38.424
4/21/14,505.097,-2.71
4/22/14,497.65,-7.447
4/23/14,487.84,-9.81
4/24/14,487.113,-0.727
4/25/14,469.088,-18.025
4/26/14,448.778,-20.31
4/27/14,452.148,3.37
4/28/14,426.782,-25.366
4/29/14,432.605,5.823
4/30/14,444.857,12.252
5/1/14,454.557,9.7
5/2/14,453.598,-0.959
5/3/14,441.978,-11.62
5/4/14,438.29,-3.688
5/5/14,432.787,-5.503
5/6/14,418.618,-14.169
5/7/14,428.426,9.808
5/8/14,442.577,14.151
5/9/14,439.04,-3.537
5/10/14,449.043,10.003
5/11/14,449.742,0.699
5/12/14,434.27,-15.472
5/13/14,437,2.73
5/14/14,438.88,1.88
5/15/14,445.045,6.165
5/16/14,443.18,-1.865
5/17/14,445.607,2.427
5/18/14,445.157,-0.45
5/19/14,444.738,-0.419
5/20/14,455.653,10.915
5/21/14,489.87,34.217
5/22/14,490.187,0.317
5/23/14,522.31,32.123
5/24/14,512.308,-10.002
5/25/14,533.93,21.622
5/26/14,579.593,45.663
5/27/14,581.51,1.917
5/28/14,572.448,-9.062
5/29/14,562.4,-10.048
5/30/14,571.845,9.445
5/31/14,612.127,40.282
6/1/14,638.163,26.036
6/2/14,634.983,-3.18
6/3/14,660.247,25.264
6/4/14,627.798,-32.449
6/5/14,642.892,15.094
6/6/14,652.527,9.635
6/7/14,648.602,-3.925
6/8/14,652.592,3.99
6/9/14,652.11,-0.482
6/10/14,644.085,-8.025
6/11/14,642.007,-2.078
6/12/14,632.55,-9.457
6/13/14,585.483,-47.067
6/14/14,588.523,3.04
6/15/14,570.288,-18.235
6/16/14,589.067,18.779
6/17/14,592.257,3.19
6/18/14,610.413,18.156
6/19/14,601.887,-8.526
6/20/14,594.093,-7.794
6/21/14,582.045,-12.048
6/22/14,599.57,17.525
6/23/14,592.405,-7.165
6/24/14,584.642,-7.763
6/25/14,575.905,-8.737
6/26/14,571.767,-4.138
6/27/14,582.432,10.665
6/28/14,597.668,15.236
6/29/14,598.733,1.065
6/30/14,597.513,-1.22
7/1/14,647.122,49.609
7/2/14,637.856,-9.266
7/3/14,642.651,4.795
7/4/14,643.951,1.3
7/5/14,628.416,-15.535
7/6/14,631.03,2.614
7/7/14,631.299,0.269
7/8/14,621.242,-10.057
7/9/14,620.72,-0.522
7/10/14,621.308,0.588
7/11/14,616.831,-4.477
7/12/14,634.357,17.526
7/13/14,627.69,-6.667
7/14/14,621.425,-6.265
7/15/14,618.739,-2.686
7/16/14,619.808,1.069
7/17/14,614.689,-5.119
7/18/14,623.497,8.808
7/19/14,623.996,0.499
7/20/14,623.006,-0.99
7/21/14,617.961,-5.045
7/22/14,622.107,4.146
7/23/14,618.448,-3.659
7/24/14,617.688,-0.76
7/25/14,602.931,-14.757
7/26/14,597.585,-5.346
7/27/14,592.964,-4.621
7/28/14,580.11,-12.854
7/29/14,585.449,5.339
7/30/14,580.518,-4.931
7/31/14,564.57,-15.948
8/1/14,583.39,18.82
8/2/14,593.806,10.416
8/3/14,581.52,-12.286
8/4/14,585.801,4.281
8/5/14,582.334,-3.467
8/6/14,582.521,0.187
8/7/14,583.624,1.103
8/8/14,595.809,12.185
8/9/14,585.396,-10.413
8/10/14,586.059,0.663
8/11/14,588.753,2.694
8/12/14,566.316,-22.437
8/13/14,565.551,-0.765
8/14/14,534.54,-31.011
8/15/14,511.473,-23.067
8/16/14,487.566,-23.907
8/17/14,516.626,29.06
8/18/14,489.468,-27.158
8/19/14,455.916,-33.552
8/20/14,472.91,16.994
8/21/14,519.015,46.105
8/22/14,508.129,-10.886
8/23/14,507.51,-0.619
8/24/14,501.631,-5.879
8/25/14,503.321,1.69
8/26/14,504.626,1.305
8/27/14,513.391,8.765
8/28/14,514.624,1.233
8/29/14,506.025,-8.599
8/30/14,504.706,-1.319
8/31/14,502.055,-2.651
9/1/14,474.543,-27.512
9/2/14,477.984,3.441
9/3/14,476.884,-1.1
9/4/14,475.65,-1.234
9/5/14,485.651,10.001
9/6/14,480.908,-4.743
9/7/14,481.884,0.976
9/8/14,473.586,-8.298
9/9/14,468.578,-5.008
9/10/14,474.291,5.713
9/11/14,479.418,5.127
9/12/14,473.673,-5.745
9/13/14,471.533,-2.14
9/14/14,475.379,3.846
9/15/14,475.021,-0.358
9/16/14,471.084,-3.937
9/17/14,464.554,-6.53
9/18/14,449.959,-14.595
9/19/14,425.448,-24.511
9/20/14,410.08,-15.368
9/21/14,405.796,-4.284
9/22/14,399.098,-6.698
9/23/14,399.503,0.405
9/24/14,427.813,28.31
9/25/14,416.12,-11.693
9/26/14,410.15,-5.97
9/27/14,403.498,-6.652
9/28/14,398.84,-4.658
9/29/14,377.979,-20.861
9/30/14,376.084,-1.895
10/1/14,387.94,11.856
10/2/14,381.748,-6.192
10/3/14,372.058,-9.69
10/4/14,360.753,-11.305
10/5/14,335.981,-24.772
10/6/14,308.079,-27.902
10/7/14,337.234,29.155
10/8/14,326.233,-11.001
10/9/14,351.346,25.113
10/10/14,368.596,17.25
10/11/14,359.203,-9.393
10/12/14,356.999,-2.204
10/13/14,371.156,14.157
10/14/14,392.783,21.627
10/15/14,396.346,3.563
10/16/14,392.566,-3.78
10/17/14,376.269,-16.297
10/18/14,378.675,2.406
10/19/14,390.959,12.284
10/20/14,381.724,-9.235
10/21/14,380.058,-1.666
10/22/14,382.939,2.881
10/23/14,376.59,-6.349
10/24/14,351.783,-24.807
10/25/14,353.633,1.85
10/26/14,345.193,-8.44
10/27/14,350.978,5.785
10/28/14,349.796,-1.182
10/29/14,348.903,-0.893
10/30/14,335.536,-13.367
10/31/14,343.559,8.023
11/1/14,338.011,-5.548
11/2/14,325.226,-12.785
11/3/14,331.601,6.375
11/4/14,324.718,-6.883
11/5/14,332.457,7.739
11/6/14,336.585,4.128
11/7/14,346.775,10.19
11/8/14,344.812,-1.963
11/9/14,343.065,-1.747
11/10/14,358.502,15.437
11/11/14,368.077,9.575
11/12/14,376.997,8.92
11/13/14,442.107,65.11
11/14/14,389.003,-53.104
11/15/14,394.927,5.924
11/16/14,377.08,-17.847
11/17/14,400.472,23.392
11/18/14,384.93,-15.542
11/19/14,375.833,-9.097
11/20/14,376.16,0.327
11/21/14,348.565,-27.595
11/22/14,352.42,3.855
11/23/14,356.8,4.38
11/24/14,367.83,11.03
11/25/14,381.207,13.377
11/26/14,375.498,-5.709
11/27/14,372.819,-2.679
11/28/14,368.983,-3.836
11/29/14,375.44,6.457
11/30/14,376.851,1.411
12/1/14,376.132,-0.719
12/2/14,377.862,1.73
12/3/14,382.452,4.59
12/4/14,376.382,-6.07
12/5/14,368.362,-8.02
12/6/14,373.414,5.052
12/7/14,373.744,0.33
12/8/14,373.155,-0.589
12/9/14,357.884,-15.271
12/10/14,348.898,-8.986
12/11/14,341.041,-7.857
12/12/14,348.272,7.231
12/13/14,346.742,-1.53
12/14/14,347.348,0.606
12/15/14,348.674,1.326
12/16/14,338.547,-10.127
12/17/14,330.536,-8.011
12/18/14,317.405,-13.131
12/19/14,306.46,-10.945
12/20/14,319.196,12.736
12/21/14,321.893,2.697
12/22/14,320.035,-1.858
12/23/14,328.701,8.666
12/24/14,332.053,3.352
12/25/14,321.386,-10.667
12/26/14,318.563,-2.823
12/27/14,320.868,2.305
12/28/14,316.009,-4.859
12/29/14,315.64,-0.369
12/30/14,313.994,-1.646
12/31/14,309.903,-4.091
1/1/15,317.204,7.301
1/2/15,314.499,-2.705
1/3/15,311.141,-3.358
1/4/15,277.853,-33.288
1/5/15,270.813,-7.04
1/6/15,272.018,1.205
1/7/15,283.841,11.823
1/8/15,290.485,6.644
1/9/15,281.036,-9.449
1/10/15,286.688,5.652
1/11/15,277.65,-9.038
1/12/15,268.102,-9.548
1/13/15,243.081,-25.021
1/14/15,219.128,-23.953
1/15/15,193.351,-25.777
1/16/15,220.575,27.224
1/17/15,209.166,-11.409
1/18/15,195.595,-13.571
1/19/15,212.271,16.676
1/20/15,211.54,-0.731
1/21/15,212.282,0.742
1/22/15,230.675,18.393
1/23/15,226.304,-4.371
1/24/15,231.424,5.12
1/25/15,251.606,20.182
1/26/15,283.598,31.992
1/27/15,258.537,-25.061
1/28/15,257.447,-1.09
1/29/15,235.948,-21.499
1/30/15,233.141,-2.807
1/31/15,226.941,-6.2
2/1/15,216.661,-10.28
2/2/15,229.804,13.143
2/3/15,237.652,7.848
2/4/15,225.839,-11.813
2/5/15,226.554,0.715
2/6/15,219.756,-6.798
2/7/15,225.467,5.711
2/8/15,225.733,0.266
2/9/15,222.784,-2.949
2/10/15,220.167,-2.617
2/11/15,223.004,2.837
2/12/15,218.728,-4.276
2/13/15,223.967,5.239
2/14/15,237.657,13.69
2/15/15,256.218,18.561
2/16/15,230.136,-26.082
2/17/15,235.713,5.577
2/18/15,242.932,7.219
2/19/15,237.104,-5.828
2/20/15,241.072,3.968
2/21/15,245.706,4.634
2/22/15,245.145,-0.561
2/23/15,235.141,-10.004
2/24/15,238.932,3.791
2/25/15,238.152,-0.78
2/26/15,235.677,-2.475
2/27/15,251.289,15.612
2/28/15,251.034,-0.255
3/1/15,251.931,0.897
3/2/15,258.849,6.918
3/3/15,270.763,11.914
3/4/15,278.117,7.354
3/5/15,269.261,-8.856
3/6/15,274.898,5.637
3/7/15,270.861,-4.037
3/8/15,276.728,5.867
3/9/15,277.985,1.257
3/10/15,294.189,16.204
3/11/15,289.715,-4.474
3/12/15,292.868,3.153
3/13/15,293.224,0.356
3/14/15,282.644,-10.58
3/15/15,283.081,0.437
3/16/15,290.616,7.535
3/17/15,290.542,-0.074
3/18/15,283.751,-6.791
3/19/15,252.448,-31.303
3/20/15,263.474,11.026
3/21/15,259.913,-3.561
3/22/15,259.394,-0.519
3/23/15,267.555,8.161
3/24/15,265.273,-2.282
3/25/15,246.673,-18.6
3/26/15,245.649,-1.024
3/27/15,246.55,0.901
3/28/15,248.447,1.897
3/29/15,246.728,-1.719
3/30/15,245.113,-1.615
3/31/15,247.264,2.151
4/1/15,243.303,-3.961
4/2/15,246.96,3.657
4/3/15,252.058,5.098
4/4/15,253.433,1.375
4/5/15,252.026,-1.407
4/6/15,260.359,8.333
4/7/15,252.091,-8.268
4/8/15,252.863,0.772
4/9/15,244.045,-8.818
4/10/15,240.948,-3.097
4/11/15,236.439,-4.509
4/12/15,236.554,0.115
4/13/15,235.522,-1.032
4/14/15,222.601,-12.921
4/15/15,220.913,-1.688
4/16/15,226.017,5.104
4/17/15,227.926,1.909
4/18/15,223.317,-4.609
4/19/15,223.406,0.089
4/20/15,223.921,0.515
4/21/15,224.982,1.061
4/22/15,235.504,10.522
4/23/15,234.157,-1.347
4/24/15,233.401,-0.756
4/25/15,228.924,-4.477
4/26/15,219.945,-8.979
4/27/15,219.19,-0.755
4/28/15,227.387,8.197
4/29/15,225.355,-2.032
4/30/15,225.998,0.643
5/1/15,236.683,10.685
5/2/15,233.851,-2.832
5/3/15,236.238,2.387
5/4/15,240.365,4.127
5/5/15,235.603,-4.762
5/6/15,235.602,-0.001
5/7/15,230.421,-5.181
5/8/15,237.059,6.638
5/9/15,244.699,7.64
5/10/15,241.516,-3.183
5/11/15,239.404,-2.112
5/12/15,240.001,0.597
5/13/15,241.353,1.352
5/14/15,235.548,-5.805
5/15/15,237.574,2.026
5/16/15,236.657,-0.917
5/17/15,236.339,-0.318
5/18/15,236.232,-0.107
5/19/15,233.312,-2.92
5/20/15,232.719,-0.593
5/21/15,234.204,1.485
5/22/15,235.863,1.659
5/23/15,240.159,4.296
5/24/15,239.799,-0.36
5/25/15,240.942,1.143
5/26/15,237.659,-3.283
5/27/15,237.184,-0.475
5/28/15,237.671,0.487
5/29/15,237.228,-0.443
5/30/15,236.14,-1.088
5/31/15,233.333,-2.807
6/1/15,230.833,-2.5
6/2/15,223.415,-7.418
6/3/15,226.617,3.202
6/4/15,225.444,-1.173
6/5/15,223.967,-1.477
6/6/15,224.253,0.286
6/7/15,225.84,1.587
6/8/15,223.695,-2.145
6/9/15,228.188,4.493
6/10/15,229.203,1.015
6/11/15,229.96,0.757
6/12/15,229.908,-0.052
6/13/15,230.67,0.762
6/14/15,233.145,2.475
6/15/15,234.747,1.602
6/16/15,237.399,2.652
6/17/15,248.744,11.345
6/18/15,247.236,-1.508
6/19/15,249.073,1.837
6/20/15,240.79,-8.283
6/21/15,244.156,3.366
6/22/15,244.959,0.803
6/23/15,247.127,2.168
6/24/15,243.371,-3.756
6/25/15,240.92,-2.451
6/26/15,242.319,1.399
6/27/15,242.288,-0.031
6/28/15,250.382,8.094
6/29/15,249.427,-0.955
6/30/15,258.385,8.958
7/1/15,261.717,3.332
7/2/15,259.629,-2.088
7/3/15,255.527,-4.102
7/4/15,253.879,-1.648
7/5/15,261.429,7.55
7/6/15,267.608,6.179
7/7/15,270.076,2.468
7/8/15,264.356,-5.72
7/9/15,267.943,3.587
7/10/15,269.249,1.306
7/11/15,286.537,17.288
7/12/15,301.038,14.501
7/13/15,304.991,3.953
7/14/15,290.931,-14.06
7/15/15,288.488,-2.443
7/16/15,287.558,-0.93
7/17/15,276.979,-10.579
7/18/15,278.333,1.354
7/19/15,275.307,-3.026
7/20/15,274.284,-1.023
7/21/15,279.459,5.175
7/22/15,274.872,-4.587
7/23/15,276.21,1.338
7/24/15,276.245,0.035
7/25/15,287.556,11.311
7/26/15,287.84,0.284
7/27/15,291.201,3.361
7/28/15,293.151,1.95
7/29/15,292.994,-0.157
7/30/15,288.617,-4.377
7/31/15,286.745,-1.872
8/1/15,282.337,-4.408
8/2/15,278.683,-3.654
8/3/15,279.486,0.803
8/4/15,283.491,4.005
8/5/15,284.244,0.753
8/6/15,280.938,-3.306
8/7/15,275.929,-5.009
8/8/15,278.277,2.348
8/9/15,261.752,-16.525
8/10/15,265.083,3.331
8/11/15,264.875,-0.208
8/12/15,270.223,5.348
8/13/15,264.143,-6.08
8/14/15,262.018,-2.125
8/15/15,265.396,3.378
8/16/15,261.201,-4.195
8/17/15,258.007,-3.194
8/18/15,256.448,-1.559
8/19/15,230.384,-26.064
8/20/15,232.065,1.681
8/21/15,234.564,2.499
8/22/15,233.037,-1.527
8/23/15,231.213,-1.824
8/24/15,227.232,-3.981
8/25/15,203.181,-24.051
8/26/15,219.816,16.635
8/27/15,224.536,4.72
8/28/15,224.189,-0.347
8/29/15,230.936,6.747
8/30/15,230.585,-0.351
8/31/15,227.181,-3.404
9/1/15,229.03,1.849
9/2/15,226.288,-2.742
9/3/15,228.353,2.065
9/4/15,227.147,-1.206
9/5/15,229.667,2.52
9/6/15,240.701,11.034
9/7/15,239.88,-0.821
9/8/15,242.019,2.139
9/9/15,244.314,2.295
9/10/15,237.995,-6.319
9/11/15,240.564,2.569
9/12/15,239.817,-0.747
9/13/15,235.053,-4.764
9/14/15,229.158,-5.895
9/15/15,230.511,1.353
9/16/15,230.981,0.47
9/17/15,229.59,-1.391
9/18/15,233.239,3.649
9/19/15,232.5,-0.739
9/20/15,231.337,-1.163
9/21/15,230.754,-0.583
9/22/15,227.794,-2.96
9/23/15,231.31,3.516
9/24/15,231.095,-0.215
9/25/15,233.745,2.65
9/26/15,234.925,1.18
9/27/15,234.329,-0.596
9/28/15,237.211,2.882
9/29/15,238.566,1.355
9/30/15,238.061,-0.505
10/1/15,237.152,-0.909
10/2/15,238.064,0.912
10/3/15,237.635,-0.429
10/4/15,238.999,1.364
10/5/15,238.824,-0.175
10/6/15,240.631,1.807
10/7/15,246.496,5.865
10/8/15,244.498,-1.998
10/9/15,243.257,-1.241
10/10/15,244.965,1.708
10/11/15,245.07,0.105
10/12/15,247.65,2.58
10/13/15,244.576,-3.074
10/14/15,249.459,4.883
10/15/15,254.642,5.183
10/16/15,255.727,1.085
10/17/15,267.54,11.813
10/18/15,270.04,2.5
10/19/15,264.986,-5.054
10/20/15,264.926,-0.06
10/21/15,270.495,5.569
10/22/15,267.469,-3.026
10/23/15,274.253,6.784
10/24/15,279.979,5.726
10/25/15,286.869,6.89
10/26/15,284.286,-2.583
10/27/15,287.831,3.545
10/28/15,300.536,12.705
10/29/15,304.327,3.791
10/30/15,326.557,22.23
10/31/15,327.584,1.027
11/1/15,311.703,-15.881
11/2/15,325.647,13.944
11/3/15,369.511,43.864
11/4/15,432.461,62.95
11/5/15,434.317,1.856
11/6/15,359.586,-74.731
11/7/15,377.641,18.055
11/8/15,387.775,10.134
11/9/15,370.652,-17.123
11/10/15,376.948,6.296
11/11/15,311.702,-65.246
11/12/15,320.036,8.334
11/13/15,337.893,17.857
11/14/15,334.125,-3.768
11/15/15,333.951,-0.174
11/16/15,320.06,-13.891
11/17/15,337.759,17.699
11/18/15,333.333,-4.426
11/19/15,334.025,0.692
11/20/15,315.631,-18.394
11/21/15,321.482,5.851
11/22/15,326.365,4.883
11/23/15,322.606,-3.759
11/24/15,320.993,-1.613
11/25/15,318.337,-2.656
11/26/15,332.471,14.134
11/27/15,349.138,16.667
11/28/15,354.954,5.816
11/29/15,356.806,1.852
11/30/15,375.204,18.398
12/1/15,377.798,2.594
12/2/15,352.128,-25.67
12/3/15,366.788,14.66
12/4/15,358.443,-8.345
12/5/15,369.956,11.513
12/6/15,394.861,24.905
12/7/15,391.618,-3.243
12/8/15,395.593,3.975
12/9/15,421.424,25.831
12/10/15,415.076,-6.348
12/11/15,421.813,6.737
12/12/15,467.831,46.018
12/13/15,435.091,-32.74
12/14/15,437.021,1.93
12/15/15,453.676,16.655
12/16/15,445.805,-7.871
12/17/15,451.102,5.297
12/18/15,456.425,5.323
12/19/15,464.218,7.793
12/20/15,460.238,-3.98
12/21/15,435.641,-24.597
12/22/15,438.276,2.635
12/23/15,437.994,-0.282
12/24/15,456.572,18.578
12/25/15,455.743,-0.829
12/26/15,447.606,-8.137
12/27/15,419.338,-28.268
12/28/15,427.817,8.479
12/29/15,422.741,-5.076
12/30/15,431.029,8.288
12/31/15,424.962,-6.067
1/1/16,432.358,7.396
1/2/16,433.773,1.415
1/3/16,431.985,-1.788
1/4/16,431.691,-0.294
1/5/16,433.732,2.041
1/6/16,427.164,-6.568
1/7/16,441.021,13.857
1/8/16,457.168,16.147
1/9/16,452.368,-4.8
1/10/16,445.327,-7.041
1/11/16,450.312,4.985
1/12/16,446.614,-3.698
1/13/16,431.156,-15.458
1/14/16,431.41,0.254
1/15/16,416.29,-15.12
1/16/16,372.737,-43.553
1/17/16,383.138,10.401
1/18/16,380.817,-2.321
1/19/16,382.738,1.921
1/20/16,378.775,-3.963
1/21/16,417.439,38.664
1/22/16,403.271,-14.168
1/23/16,388.219,-15.052
1/24/16,388.538,0.319
1/25/16,397.885,9.347
1/26/16,390.715,-7.17
1/27/16,392.389,1.674
1/28/16,381.356,-11.033
1/29/16,369.133,-12.223
1/30/16,376.952,7.819
1/31/16,378.174,1.222
2/1/16,372.157,-6.017
2/2/16,372.453,0.296
2/3/16,372.762,0.309
2/4/16,370.433,-2.329
2/5/16,386.954,16.521
2/6/16,377.889,-9.065
2/7/16,376.44,-1.449
2/8/16,376.924,0.484
2/9/16,372.434,-4.49
2/10/16,374.764,2.33
2/11/16,379.186,4.422
2/12/16,378.576,-0.61
2/13/16,388.87,10.294
2/14/16,397.23,8.36
2/15/16,405.621,8.391
2/16/16,401.663,-3.958
2/17/16,407.017,5.354
2/18/16,417.492,10.475
2/19/16,421.956,4.464
2/20/16,422.054,0.098
2/21/16,439.61,17.556
2/22/16,436.14,-3.47
2/23/16,438.745,2.605
2/24/16,419.896,-18.849
2/25/16,422.617,2.721
2/26/16,421.244,-1.373
2/27/16,433.401,12.157
2/28/16,425.502,-7.899
2/29/16,438.28,12.778
3/1/16,436.426,-1.854
3/2/16,434.001,-2.425
3/3/16,419.254,-14.747
3/4/16,421.597,2.343
3/5/16,407.722,-13.875
3/6/16,397.883,-9.839
3/7/16,407.276,9.393
3/8/16,414.213,6.937
3/9/16,410.739,-3.474
3/10/16,411.672,0.933
3/11/16,416.708,5.036
3/12/16,415.04,-1.668
3/13/16,411.637,-3.403
3/14/16,414.208,2.571
3/15/16,416.034,1.826
3/16/16,414.167,-1.867
3/17/16,417.138,2.971
3/18/16,417.154,0.016
3/19/16,407.473,-9.681
3/20/16,409.24,1.767
3/21/16,407.496,-1.744
3/22/16,415.125,7.629
3/23/16,417.318,2.193
3/24/16,415.837,-1.481
3/25/16,414.757,-1.08
3/26/16,416.851,2.094
3/27/16,416.233,-0.618
3/28/16,424.297,8.064
3/29/16,423.597,-0.7
3/30/16,414.613,-8.984
3/31/16,414.458,-0.155
4/1/16,416.012,1.554
4/2/16,418.785,2.773
4/3/16,418.94,0.155
4/4/16,418.593,-0.347
4/5/16,422.044,3.451
4/6/16,422.295,0.251
4/7/16,420.553,-1.742
4/8/16,421.616,1.063
4/9/16,415.751,-5.865
4/10/16,418.078,2.327
4/11/16,421.192,3.114
4/12/16,426.383,5.191
4/13/16,426.844,0.461
4/14/16,425.494,-1.35
4/15/16,426.279,0.785
4/16/16,429.775,3.496
4/17/16,430.453,0.678
4/18/16,429.318,-1.135
4/19/16,428.522,-0.796
4/20/16,435.926,7.404
4/21/16,443.758,7.832
4/22/16,446.776,3.018
4/23/16,447.233,0.457
4/24/16,455.152,7.919
4/25/16,458.626,3.474
4/26/16,464.429,5.803
4/27/16,466.064,1.635
4/28/16,441.304,-24.76
4/29/16,446.236,4.932
4/30/16,454.375,8.139
5/1/16,449.108,-5.267
5/2/16,453.067,3.959
5/3/16,443.681,-9.386
5/4/16,449.157,5.476
5/5/16,447.74,-1.417
5/6/16,447.586,-0.154
5/7/16,458.864,11.278
5/8/16,459.937,1.073
5/9/16,458.708,-1.229
5/10/16,460.954,2.246
5/11/16,454.394,-6.56
5/12/16,451.155,-3.239
5/13/16,453.701,2.546
5/14/16,456.039,2.338
5/15/16,456.093,0.054
5/16/16,457.641,1.548
5/17/16,454.278,-3.363
5/18/16,454.064,-0.214
5/19/16,453.494,-0.57
5/20/16,440.231,-13.263
5/21/16,442.953,2.722
5/22/16,442.892,-0.061
5/23/16,440.551,-2.341
5/24/16,444.489,3.938
5/25/16,447.035,2.546
5/26/16,448.278,1.243
5/27/16,467.262,18.984
5/28/16,489.847,22.585
5/29/16,516.051,26.204
5/30/16,529.917,13.866
5/31/16,537.233,7.316
6/1/16,528.05,-9.183
6/2/16,538.568,10.518
6/3/16,537.185,-1.383
6/4/16,571.139,33.954
6/5/16,579.343,8.204
6/6/16,578.849,-0.494
6/7/16,585.399,6.55
6/8/16,576.226,-9.173
6/9/16,580.436,4.21
6/10/16,574.953,-5.483
6/11/16,583.87,8.917
6/12/16,633.205,49.335
6/13/16,682.226,49.021
6/14/16,695.155,12.929
6/15/16,685.442,-9.713
6/16/16,732.357,46.915
6/17/16,773.25,40.893
6/18/16,736.386,-36.864
6/19/16,747.831,11.445
6/20/16,758.903,11.072
6/21/16,702.696,-56.207
6/22/16,657.013,-45.683
6/23/16,581.249,-75.764
6/24/16,657.09,75.841
6/25/16,687.168,30.078
6/26/16,657.224,-29.944
6/27/16,644.091,-13.133
6/28/16,655.944,11.853
6/29/16,634.357,-21.587
6/30/16,635.093,0.736
7/1/16,683.293,48.2
7/2/16,678.567,-4.726
7/3/16,690.179,11.612
7/4/16,670.741,-19.438
7/5/16,679.351,8.61
7/6/16,676.872,-2.479
7/7/16,671.814,-5.058
7/8/16,640.476,-31.338
7/9/16,654.853,14.377
7/10/16,649.356,-5.497
7/11/16,656.747,7.391
7/12/16,648.136,-8.611
7/13/16,663.443,15.307
7/14/16,654.018,-9.425
7/15/16,663.638,9.62
7/16/16,666.565,2.927
7/17/16,665.113,-1.452
7/18/16,681.239,16.126
7/19/16,673.832,-7.407
7/20/16,673.008,-0.824
7/21/16,662.034,-10.974
7/22/16,666.747,4.713
7/23/16,654.725,-12.022
7/24/16,654.895,0.17
7/25/16,660.284,5.389
7/26/16,655.418,-4.866
7/27/16,650.829,-4.589
7/28/16,656.916,6.087
7/29/16,655.427,-1.489
7/30/16,656.681,1.254
7/31/16,635.588,-21.093
8/1/16,621.373,-14.215
8/2/16,601.227,-20.146
8/3/16,555.926,-45.301
8/4/16,578.524,22.598
8/5/16,570.339,-8.185
8/6/16,574.874,4.535
8/7/16,588.516,13.642
8/8/16,589.661,1.145
8/9/16,586.715,-2.946
8/10/16,585.239,-1.476
8/11/16,594.816,9.577
8/12/16,581.963,-12.853
8/13/16,584.874,2.911
8/14/16,581.65,-3.224
8/15/16,571.963,-9.687
8/16/16,567.607,-4.356
8/17/16,575.541,7.934
8/18/16,572.372,-3.169
8/19/16,573.016,0.644
8/20/16,573.08,0.064
8/21/16,581.354,8.274
8/22/16,579.668,-1.686
8/23/16,585.508,5.84
8/24/16,577.987,-7.521
8/25/16,574.583,-3.404
8/26/16,575.063,0.48
8/27/16,575.343,0.28
8/28/16,568.789,-6.554
8/29/16,574.497,5.708
8/30/16,571.941,-2.556
8/31/16,573.781,1.84
9/1/16,572.96,-0.821
9/2/16,570.1,-2.86
9/3/16,572.521,2.421
9/4/16,596.454,23.933
9/5/16,606.053,9.599
9/6/16,604.465,-1.588
9/7/16,609.433,4.968
9/8/16,613.675,4.242
9/9/16,623.6,9.925
9/10/16,620.599,-3.001
9/11/16,622.034,1.435
9/12/16,604.828,-17.206
9/13/16,607.036,2.208
9/14/16,606.885,-0.151
9/15/16,606.898,0.013
9/16/16,605.521,-1.377
9/17/16,606.046,0.525
9/18/16,605.08,-0.966
9/19/16,609.372,4.292
9/20/16,606.718,-2.654
9/21/16,595.934,-10.784
9/22/16,596.225,0.291
9/23/16,595.018,-1.207
9/24/16,602.408,7.39
9/25/16,601.369,-1.039
9/26/16,598.908,-2.461
9/27/16,605.018,6.11
9/28/16,602.885,-2.133
9/29/16,603.581,0.696
9/30/16,604.521,0.94
10/1/16,610.584,6.063
10/2/16,613.237,2.653
10/3/16,611.889,-1.348
10/4/16,609.495,-2.394
10/5/16,608.125,-1.37
10/6/16,610.57,2.445
10/7/16,610.234,-0.336
10/8/16,617.445,7.211
10/9/16,614.596,-2.849
10/10/16,615.916,1.32
10/11/16,618.328,2.412
10/12/16,637.216,18.888
10/13/16,637.736,0.52
10/14/16,635.884,-1.852
10/15/16,638.975,3.091
10/16/16,638.605,-0.37
10/17/16,636.635,-1.97
10/18/16,637.016,0.381
10/19/16,634.605,-2.411
10/20/16,626.369,-8.236
10/21/16,629.612,3.243
10/22/16,630.619,1.007
10/23/16,650.895,20.276
10/24/16,647.694,-3.201
10/25/16,652.235,4.541
10/26/16,657.056,4.821
10/27/16,684.378,27.322
10/28/16,684.298,-0.08
10/29/16,700.135,15.837
10/30/16,704.91,4.775
10/31/16,693.896,-11.014
11/1/16,708.955,15.059
11/2/16,725.693,16.738
11/3/16,741.849,16.156
11/4/16,701.219,-40.63
11/5/16,702.175,0.956
11/6/16,705.479,3.304
11/7/16,705.471,-0.008
11/8/16,706.134,0.663
11/9/16,728.361,22.227
11/10/16,719.253,-9.108
11/11/16,714.571,-4.682
11/12/16,715.773,1.202
11/13/16,694.721,-21.052
11/14/16,704.621,9.9
11/15/16,711.396,6.775
11/16/16,710.928,-0.468
11/17/16,745.926,34.998
11/18/16,738.665,-7.261
11/19/16,748.808,10.143
11/20/16,752.553,3.745
11/21/16,730.365,-22.188
11/22/16,734.84,4.475
11/23/16,745.979,11.139
11/24/16,739.819,-6.16
11/25/16,730.313,-9.506
11/26/16,737.403,7.09
11/27/16,727.445,-9.958
11/28/16,731.9,4.455
11/29/16,731.126,-0.774
11/30/16,731.64,0.514
12/1/16,744.103,12.463
12/2/16,766.593,22.49
12/3/16,769.915,3.322
12/4/16,764.358,-5.557
12/5/16,760.1,-4.258
12/6/16,754.826,-5.274
12/7/16,758.354,3.528
12/8/16,763.236,4.882
12/9/16,766.873,3.637
12/10/16,773.283,6.41
12/11/16,765.953,-7.33
12/12/16,769.828,3.875
12/13/16,774.386,4.558
12/14/16,778.356,3.97
12/15/16,776.983,-1.373
12/16/16,776.415,-0.568
12/17/16,786.973,10.558
12/18/16,789.246,2.273
12/19/16,791,1.754
12/20/16,789.233,-1.767
12/21/16,805.796,16.563
12/22/16,842.639,36.843
12/23/16,910.933,68.294
12/24/16,910.248,-0.685
12/25/16,870.131,-40.117
12/26/16,905.456,35.325
12/27/16,900.366,-5.09
12/28/16,948.899,48.533
12/29/16,971.645,22.746
12/30/16,954.844,-16.801
12/31/16,952.455,-2.389
1/1/17,964.325,11.87
1/2/17,1009.974,45.649
1/3/17,1028.334,18.36
1/4/17,1047.1,18.766
1/5/17,1140.385,93.285
1/6/17,985.939,-154.446
1/7/17,837.836,-148.103
1/8/17,923.524,85.688
1/9/17,889.339,-34.185
1/10/17,905.226,15.887
1/11/17,910.606,5.38
1/12/17,772.661,-137.945
1/13/17,784.894,12.233
1/14/17,820.689,35.795
1/15/17,821.196,0.507
1/16/17,830.74,9.544
1/17/17,848.581,17.841
1/18/17,890.294,41.713
1/19/17,888.063,-2.231
1/20/17,896.164,8.101
1/21/17,920.589,24.425
1/22/17,934.778,14.189
1/23/17,920.365,-14.413
1/24/17,912.213,-8.152
1/25/17,898.55,-13.663
1/26/17,901.05,2.5
1/27/17,912.844,11.794
1/28/17,919.795,6.951
1/29/17,920.829,1.034
1/30/17,916.911,-3.918
1/31/17,921.351,4.44
2/1/17,973.065,51.714
2/2/17,982.828,9.763
2/3/17,1020.09,37.262
2/4/17,1011.215,-8.875
2/5/17,1029.401,18.186
2/6/17,1019.313,-10.088
2/7/17,1029.409,10.096
2/8/17,1067.709,38.3
2/9/17,1072.205,4.496
2/10/17,974.959,-97.246
2/11/17,997.228,22.269
2/12/17,1004.714,7.486
2/13/17,1004.854,0.14
2/14/17,994.58,-10.274
2/15/17,1003.59,9.01
2/16/17,1018.411,14.821
2/17/17,1038.866,20.455
2/18/17,1058.315,19.449
2/19/17,1052.844,-5.471
2/20/17,1046.662,-6.182
2/21/17,1079.583,32.921
2/22/17,1112.864,33.281
2/23/17,1122.515,9.651
2/24/17,1193.501,70.986
2/25/17,1182.429,-11.072
2/26/17,1139.848,-42.581
2/27/17,1189.366,49.518
2/28/17,1189.947,0.581
3/1/17,1193.611,3.664
3/2/17,1221.05,27.439
3/3/17,1269.776,48.726
3/4/17,1285.376,15.6
3/5/17,1260.668,-24.708
3/6/17,1273.247,12.579
3/7/17,1280.305,7.058
3/8/17,1206.357,-73.948
3/9/17,1153.06,-53.297
3/10/17,1200.557,47.497
3/11/17,1147.625,-52.932
3/12/17,1186.351,38.726
3/13/17,1235.553,49.202
3/14/17,1242.806,7.253
3/15/17,1245.892,3.086
3/16/17,1247.671,1.779
3/17/17,1126.082,-121.589
3/18/17,1062.07,-64.012
3/19/17,1000.246,-61.824
3/20/17,1036.226,35.98
3/21/17,1065.481,29.255
3/22/17,1091.333,25.852
3/23/17,1036.099,-55.234
3/24/17,1013.844,-22.255
3/25/17,921.808,-92.036
3/26/17,962.508,40.7
3/27/17,968.293,5.785
3/28/17,1035.322,67.029
3/29/17,1011.969,-23.353
3/30/17,1041.374,29.405
3/31/17,1048.863,7.489
4/1/17,1077.557,28.694
4/2/17,1082.37,4.813
4/3/17,1140.037,57.667
4/4/17,1148.092,8.055
4/5/17,1139.86,-8.232
4/6/17,1150.685,10.825
4/7/17,1177.284,26.599
4/8/17,1196.896,19.612
4/9/17,1187.033,-9.863
4/10/17,1213.801,26.768
4/11/17,1206.74,-7.061
4/12/17,1226.896,20.156
4/13/17,1216.269,-10.627
4/14/17,1187.136,-29.133
4/15/17,1186.109,-1.027
4/16/17,1189.55,3.441
4/17/17,1184.2,-5.35
4/18/17,1211.738,27.538
4/19/17,1218.666,6.928
4/20/17,1227.981,9.315
4/21/17,1261.702,33.721
4/22/17,1255.251,-6.451
4/23/17,1232.758,-22.493
4/24/17,1243.43,10.672
4/25/17,1251.578,8.148
4/26/17,1269.696,18.118
4/27/17,1289.748,20.052
4/28/17,1335.825,46.077
4/29/17,1319.7,-16.125
4/30/17,1311.589,-8.111
5/1/17,1370.79,59.201
5/2/17,1416.61,45.82
5/3/17,1448.886,32.276
5/4/17,1506.773,57.887
5/5/17,1543.31,36.537
5/6/17,1536.153,-7.157
5/7/17,1554.603,18.45
5/8/17,1564.065,9.462
5/9/17,1644.729,80.664
5/10/17,1695.831,51.102
5/11/17,1748.354,52.523
5/12/17,1774.52,26.166
5/13/17,1634.608,-139.912
5/14/17,1774.805,140.197
5/15/17,1747.044,-27.761
5/16/17,1665.033,-82.011
5/17/17,1744.441,79.408
5/18/17,1796.896,52.455
5/19/17,1913.139,116.243
5/20/17,1983.979,70.84
5/21/17,2074.696,90.717
5/22/17,2114.989,40.293
5/23/17,2196.669,81.68
5/24/17,2348.552,151.883
5/25/17,2581.854,233.302
5/26/17,2460.954,-120.9
5/27/17,2232.288,-228.666
5/28/17,2234.834,2.546
5/29/17,2195.785,-39.049
5/30/17,2315.736,119.951
5/31/17,2170.981,-144.755
6/1/17,2402.125,231.144
6/2/17,2477.173,75.048
6/3/17,2475.298,-1.875
6/4/17,2526.311,51.013
6/5/17,2605.125,78.814
6/6/17,2855.03,249.905
6/7/17,2900.853,45.823
6/8/17,2737.903,-162.95
6/9/17,2826.039,88.136
6/10/17,2846.006,19.967
6/11/17,2910.336,64.33
6/12/17,3007.013,96.677
6/13/17,2697.078,-309.935
6/14/17,2780.183,83.105
6/15/17,2518.549,-261.634
6/16/17,2438.617,-79.932
6/17/17,2520.784,82.167
6/18/17,2680.103,159.319
6/19/17,2611.68,-68.423
6/20/17,2667.548,55.868
6/21/17,2805.098,137.55
6/22/17,2702.004,-103.094
6/23/17,2763.291,61.287
6/24/17,2740.593,-22.698
6/25/17,2598.159,-142.434
6/26/17,2630.595,32.436
6/27/17,2513.43,-117.165
6/28/17,2556.168,42.738
6/29/17,2591.268,35.1
6/30/17,2547.323,-43.945
7/1/17,2479.055,-68.268
7/2/17,2424.699,-54.356
7/3/17,2513.741,89.042
7/4/17,2640.061,126.32
7/5/17,2588.679,-51.382
7/6/17,2634.174,45.495
7/7/17,2598.57,-35.604
7/8/17,2514.363,-84.207
7/9/17,2586.043,71.68
7/10/17,2524.126,-61.917
7/11/17,2352.265,-171.861
7/12/17,2292.914,-59.351
7/13/17,2437.554,144.64
7/14/17,2337.679,-99.875
7/15/17,2109.374,-228.305
7/16/17,2045.573,-63.801
7/17/17,1986.943,-58.63
7/18/17,2189.24,202.297
7/19/17,2354.893,165.653
7/20/17,2349.355,-5.538
7/21/17,2740.569,391.214
7/22/17,2738.775,-1.794
7/23/17,2831.679,92.904
7/24/17,2772.368,-59.311
7/25/17,2768.803,-3.565
7/26/17,2540.209,-228.594
7/27/17,2570.195,29.986
7/28/17,2699.721,129.526
7/29/17,2719.69,19.969
7/30/17,2714.704,-4.986
7/31/17,2718.618,3.914
8/1/17,2867.654,149.036
8/2/17,2739.709,-127.945
8/3/17,2740.071,0.362
8/4/17,2811.71,71.639
8/5/17,3123.411,311.701
8/6/17,3254.71,131.299
8/7/17,3274.638,19.928
8/8/17,3474.763,200.125
8/9/17,3416.185,-58.578
8/10/17,3364.411,-51.774
8/11/17,3451.853,87.442
8/12/17,3705.43,253.577
8/13/17,4104.015,398.585
8/14/17,4036.758,-67.257
8/15/17,4462.676,425.918
8/16/17,4118.903,-343.773
8/17/17,4322.421,203.518
8/18/17,4311.685,-10.736
8/19/17,4180.239,-131.446
8/20/17,4139.381,-40.858
8/21/17,4110.941,-28.44
8/22/17,3911.276,-199.665
8/23/17,4162.792,251.516
8/24/17,4178.756,15.964
8/25/17,4396.031,217.275
8/26/17,4359.903,-36.128
8/27/17,4381.396,21.493
8/28/17,4340.46,-40.936
8/29/17,4442.658,102.198
8/30/17,4664.644,221.986
8/31/17,4676.143,11.499
9/1/17,4783.17,107.027
9/2/17,4864.285,81.115
9/3/17,4672.569,-191.716
9/4/17,4593.183,-79.386
9/5/17,4160.535,-432.648
9/6/17,4517.57,357.035
9/7/17,4543.103,25.533
9/8/17,4628.603,85.5
9/9/17,4280.975,-347.628
9/10/17,4194.219,-86.756
9/11/17,4307.826,113.607
9/12/17,4295.761,-12.065
9/13/17,3944.584,-351.177
9/14/17,3817.058,-127.526
9/15/17,3358.109,-458.949
9/16/17,3772.684,414.575
9/17/17,3608.595,-164.089
9/18/17,3764.618,156.023
9/19/17,3976.388,211.77
9/20/17,3863.186,-113.202
9/21/17,3827.685,-35.501
9/22/17,3690.991,-136.694
9/23/17,3612.163,-78.828
9/24/17,3772.848,160.685
9/25/17,3753.435,-19.413
9/26/17,3920.991,167.556
9/27/17,3939.515,18.524
9/28/17,4220.28,280.765
9/29/17,4062.204,-158.076
9/30/17,4207.825,145.621
10/1/17,4300.551,92.726
10/2/17,4414.178,113.627
10/3/17,4424.473,10.295
10/4/17,4307.555,-116.918
10/5/17,4186.784,-120.771
10/6/17,4325.236,138.452
10/7/17,4370.169,44.933
10/8/17,4446.172,76.003
10/9/17,4624.349,178.177
10/10/17,4789.301,164.952
10/11/17,4741.709,-47.592
10/12/17,4858.605,116.896
10/13/17,5728.548,869.943
10/14/17,5666.979,-61.569
10/15/17,5779.074,112.095
10/16/17,5607.01,-172.064
10/17/17,5643.554,36.544
10/18/17,5495.039,-148.515
10/19/17,5627.086,132.047
10/20/17,5686.526,59.44
10/21/17,6098.115,411.589
10/22/17,5949.079,-149.036
10/23/17,5969.795,20.716
10/24/17,5649.005,-320.79
10/25/17,5550.859,-98.146
10/26/17,5776.879,226.02
10/27/17,5923.706,146.827
10/28/17,5737.103,-186.603
10/29/17,5741.723,4.62
10/30/17,6151.325,409.602
10/31/17,6130.564,-20.761
11/1/17,6424.515,293.951
11/2/17,6879.365,454.85
11/3/17,7199.238,319.873
11/4/17,7210.469,11.231
11/5/17,7376.743,166.274
11/6/17,7231.93,-144.813
11/7/17,7123.894,-108.036
11/8/17,7356.506,232.612
11/9/17,7342.824,-13.682
11/10/17,7250.77,-92.054
11/11/17,6773.695,-477.075
11/12/17,6075.301,-698.394
11/13/17,5969.13,-106.171
11/14/17,6666.271,697.141
11/15/17,6867.426,201.155
11/16/17,7259.3,391.874
11/17/17,7924.183,664.883
11/18/17,7598.278,-325.905
11/19/17,7787.456,189.178
11/20/17,7954.768,167.312
11/21/17,7879.06,-75.708
11/22/17,8150.633,271.573
11/23/17,8208.754,58.121
11/24/17,8094.445,-114.309
11/25/17,8190.871,96.426
11/26/17,8851.305,660.434
11/27/17,9573.968,722.663
11/28/17,9713.096,139.128
11/29/17,10295.623,582.527
11/30/17,10542.663,247.04
12/1/17,9706.104,-836.559
12/2/17,10923.201,1217.097
12/3/17,10973.544,50.343
12/4/17,11382.209,408.665
12/5/17,11597.231,215.022
12/6/17,12230.365,633.134
12/7/17,13734.52,1504.155
12/8/17,16403.421,2668.901
12/9/17,15732.1,-671.321
12/10/17,13152.529,-2579.571
12/11/17,16299.298,3146.769
12/12/17,16374.898,75.6
12/13/17,16678.287,303.389
12/14/17,16246.139,-432.148
12/15/17,17221.651,975.512
12/16/17,17436.598,214.947
12/17/17,19166.979,1730.381
12/18/17,18640.263,-526.716
12/19/17,18984.768,344.505
12/20/17,16862.571,-2122.197
12/21/17,16925.018,62.447
12/22/17,14182.465,-2742.553
12/23/17,14694.583,512.118
12/24/17,14103.219,-591.364
12/25/17,13387.349,-715.87
12/26/17,14652.368,1265.019
12/27/17,15846.074,1193.706
12/28/17,14362.404,-1483.67
12/29/17,14867.573,505.169
12/30/17,13643.695,-1223.878
12/31/17,13062.145,-581.55
1/1/18,13439.418,377.273
1/2/18,13337.621,-101.797
1/3/18,14881.545,1543.924
1/4/18,15104.45,222.905
1/5/18,14953.853,-150.597
1/6/18,16576.696,1622.843
1/7/18,16735.106,158.41
1/8/18,15632.411,-1102.695
1/9/18,15242.936,-389.475
1/10/18,14122.825,-1120.111
1/11/18,13269.598,-853.227
1/12/18,13633.364,363.766
1/13/18,14165.906,532.542
1/14/18,14217.363,51.457
1/15/18,13519.926,-697.437
1/16/18,12915.116,-604.81
1/17/18,10870.169,-2044.947
1/18/18,11340.65,470.481
1/19/18,11137.369,-203.281
1/20/18,11742.941,605.572
1/21/18,12486.066,743.125
1/22/18,11508.62,-977.446
1/23/18,10872.903,-635.717
1/24/18,10830.928,-41.975
1/25/18,11629.375,798.447
1/26/18,11524.345,-105.03
1/27/18,11005.615,-518.73
1/28/18,11452.23,446.615
1/29/18,11412.794,-39.436
1/30/18,10917.151,-495.643
1/31/18,9914.473,-1002.678
2/1/18,9970.309,55.836
2/2/18,8715.595,-1254.714
2/3/18,8285.501,-430.094
2/4/18,9192.045,906.544
2/5/18,8136.39,-1055.655
2/6/18,6332.37,-1804.02
2/7/18,7270.508,938.138
2/8/18,7987.281,716.773
2/9/18,8086.773,99.492
2/10/18,8930.139,843.366
2/11/18,8045.44,-884.699
2/12/18,8478.925,433.485
2/13/18,8766.853,287.928
2/14/18,8693.253,-73.6
2/15/18,9659.288,966.035
2/16/18,10110.839,451.551
2/17/18,10474.771,363.932
2/18/18,10855.938,381.167
2/19/18,10537.006,-318.932
2/20/18,11416.039,879.033
2/21/18,10928.02,-488.019
2/22/18,10727.953,-200.067
2/23/18,9809.721,-918.232
2/24/18,10412.369,602.648
2/25/18,9585.285,-827.084
2/26/18,9627.716,42.431
2/27/18,10272.903,645.187
2/28/18,10903.019,630.116
3/1/18,10352.046,-550.973
3/2/18,11100.293,748.247
3/3/18,11305.123,204.83
3/4/18,11171.818,-133.305
3/5/18,11558.475,386.657
3/6/18,11246.748,-311.727
3/7/18,10735.886,-510.862
3/8/18,9552.759,-1183.127
3/9/18,8980.192,-572.567
3/10/18,9251.293,271.101
3/11/18,8680.608,-570.685
3/12/18,9433.474,752.866
3/13/18,9047.513,-385.961
3/14/18,9260.709,213.196
3/15/18,7895.989,-1364.72
3/16/18,8039.603,143.614
3/17/18,8206.555,166.952
3/18/18,7667.99,-538.565
3/19/18,8189.491,521.501
3/20/18,8597.338,407.847
3/21/18,9028.298,430.96
3/22/18,9023.718,-4.58
3/23/18,8411.653,-612.065
3/24/18,8881.986,470.333
3/25/18,8548.813,-333.173
3/26/18,8429.331,-119.482
3/27/18,7854.638,-574.693
3/28/18,7863.255,8.617
3/29/18,7866.36,3.105
3/30/18,6861.325,-1005.035
3/31/18,6970.364,109.039
4/1/18,6926.875,-43.489
4/2/18,6986.835,59.96
4/3/18,7182.12,195.285
4/4/18,7295.89,113.77
4/5/18,6769.484,-526.406
4/6/18,6766.593,-2.891
4/7/18,6854.921,88.328
4/8/18,6964.433,109.512
4/9/18,7125.539,161.106
4/10/18,6789.268,-336.271
4/11/18,6824.494,35.226
4/12/18,6941.639,117.145
4/13/18,7823.559,881.92
4/14/18,8040.881,217.322
4/15/18,8083.574,42.693
4/16/18,8160.413,76.839
4/17/18,8030.57,-129.843
4/18/18,7937.61,-92.96
4/19/18,8188.719,251.109
4/20/18,8333.814,145.095
4/21/18,8866.67,532.856
4/22/18,8830.059,-36.611
4/23/18,8868.161,38.102
4/24/18,9191.82,323.659
4/25/18,9373.303,181.483
4/26/18,8807.515,-565.788
4/27/18,9153.641,346.126
4/28/18,9144.384,-9.257
4/29/18,9444.143,299.759
4/30/18,9268.718,-175.425
5/1/18,8949.876,-318.842
5/2/18,9029.479,79.603
5/3/18,9228.853,199.374
5/4/18,9572.699,343.846
5/5/18,9817.598,244.899
5/6/18,9845.544,27.946
5/7/18,9326.761,-518.783
5/8/18,9424.991,98.23
5/9/18,9039.029,-385.962
5/10/18,9327.05,288.021
5/11/18,8920.256,-406.794
5/12/18,8408.359,-511.897
5/13/18,8442.239,33.88
5/14/18,8398.862,-43.377
5/15/18,8711.389,312.527
5/16/18,8159.256,-552.133
5/17/18,8360.229,200.973
5/18/18,7996.821,-363.408
5/19/18,8237.343,240.522
5/20/18,8250.395,13.052
5/21/18,8493.131,242.736
5/22/18,8324.025,-169.106
5/23/18,7951.514,-372.511
5/24/18,7614.964,-336.55
5/25/18,7599.953,-15.011
5/26/18,7436.835,-163.118
5/27/18,7296.796,-140.039
5/28/18,7383.218,86.422
5/29/18,7118.424,-264.794
5/30/18,7491.611,373.187
5/31/18,7448.483,-43.128
6/1/18,7518.333,69.85
6/2/18,7630.403,112.07
6/3/18,7716.145,85.742
6/4/18,7505.589,-210.556
6/5/18,7624.188,118.599
6/6/18,7658.57,34.382
6/7/18,7684.93,26.36
6/8/18,7618.11,-66.82
6/9/18,7495.1,-123.01
6/10/18,6770.31,-724.79
6/11/18,6780.341,10.031
6/12/18,6525.329,-255.012
6/13/18,6321.656,-203.673
6/14/18,6601.324,279.668
6/15/18,6397.441,-203.883
6/16/18,6529.544,132.103
6/17/18,6482.869,-46.675
6/18/18,6711.65,228.781
6/19/18,6731.71,20.06
6/20/18,6736.868,5.158
6/21/18,6729.926,-6.942
6/22/18,6099.445,-630.481
6/23/18,6198.701,99.256
6/24/18,6142.393,-56.308
6/25/18,6244.328,101.935
6/26/18,6148.423,-95.905
6/27/18,6140.191,-8.232
6/28/18,5954.527,-185.664
6/29/18,6189.309,234.782
6/30/18,6343.892,154.583
7/1/18,6373.278,29.386
7/2/18,6629.75,256.472
7/3/18,6482.831,-146.919
7/4/18,6589.633,106.802
7/5/18,6538.682,-50.951
7/6/18,6596.53,57.848
7/7/18,6570.428,-26.102
7/8/18,6744.989,174.561
7/9/18,6694.531,-50.458
7/10/18,6364.388,-330.143
7/11/18,6360.447,-3.941
7/12/18,6144.81,-215.637
7/13/18,6215.59,70.78
7/14/18,6254.678,39.088
7/15/18,6366.35,111.672
7/16/18,6671.626,305.276
7/17/18,7315.551,643.925
7/18/18,7359.737,44.186
7/19/18,7484.64,124.903
7/20/18,7357.446,-127.194
7/21/18,7424.734,67.288
7/22/18,7411.201,-13.533
7/23/18,7730.247,319.046
7/24/18,8325.802,595.555
7/25/18,8271.598,-54.204
7/26/18,7925.247,-346.351
7/27/18,8254.277,329.03
7/28/18,8184.696,-69.581
7/29/18,8201.89,17.194
7/30/18,8166.388,-35.502
7/31/18,7700.834,-465.554
8/1/18,7588.586,-112.248
8/2/18,7547.315,-41.271
8/3/18,7423.074,-124.241
8/4/18,7396.041,-27.033
8/5/18,7411.515,15.474
8/6/18,7402.337,-9.178
8/7/18,6748.441,-653.896
8/8/18,6460.153,-288.288
8/9/18,6482.973,22.82
8/10/18,6092.533,-390.44
8/11/18,6391.599,299.066
8/12/18,6338.739,-52.86
8/13/18,6260.193,-78.546
8/14/18,6123.448,-136.745
8/15/18,6332.607,209.159
8/16/18,6273.888,-58.719
8/17/18,6566.595,292.707
8/18/18,6396.946,-169.649
8/19/18,6516.668,119.722
8/20/18,6299.395,-217.273
8/21/18,6470.734,171.339
8/22/18,6355.882,-114.852
8/23/18,6503.832,147.95
8/24/18,6675.361,171.529
8/25/18,6725.032,49.671
8/26/18,6689.823,-35.209
8/27/18,6756.629,66.806
8/28/18,7084.294,327.665
8/29/18,7059.231,-25.063
8/30/18,6938.915,-120.316
8/31/18,7028.447,89.532
9/1/18,7198.058,169.611
9/2/18,7282.859,84.801
9/3/18,7260.252,-22.607
9/4/18,7361.272,101.02
9/5/18,6913.115,-448.157
9/6/18,6471.494,-441.621
9/7/18,6400.269,-71.225
9/8/18,6181.744,-218.525
9/9/18,6253.937,72.193
9/10/18,6275.083,21.146
9/11/18,6275.67,0.587
9/12/18,6277.494,1.824
9/13/18,6283.184,5.69
9/14/18,6285.982,2.798
9/15/18,6280.31,-5.672
9/16/18,6281.409,1.099
9/17/18,6273.22,-8.189
9/18/18,6278.595,5.375
9/19/18,6282.611,4.016
9/20/18,6288.07,5.459
9/21/18,6317.7,29.63
9/22/18,6293.836,-23.864
9/23/18,6289.621,-4.215
9/24/18,6466.995,177.374
9/25/18,6391.386,-75.609
9/26/18,6509.777,118.391
9/27/18,6698.416,188.639
9/28/18,6502.688,-195.728
9/29/18,6576.614,73.926
9/30/18,6647.388,70.774
10/1/18,6603.754,-43.634
10/2/18,6576.354,-27.4
10/3/18,6481.246,-95.108
10/4/18,6594.936,113.69
10/5/18,6630.575,35.639
10/6/18,6595.26,-35.315
10/7/18,6591.686,-3.574
10/8/18,6662.868,71.182
10/9/18,6663.021,0.153
10/10/18,6619.496,-43.525
10/11/18,6285.859,-333.637
10/12/18,6309.199,23.34
10/13/18,6331.131,21.932
10/14/18,6361.417,30.286
10/15/18,6721.588,360.171
10/16/18,6724.833,3.245
10/17/18,6444.747,-280.086
10/18/18,6374.649,-70.098
10/19/18,6372.687,-1.962
10/20/18,6407.479,34.792
10/21/18,6412.53,5.051
10/22/18,6396.88,-15.65
10/23/18,6396.252,-0.628
10/24/18,6407.667,11.415
10/25/18,6405.501,-2.166
10/26/18,6392.179,-13.322
10/27/18,6436.355,44.176
10/28/18,6429.687,-6.668
10/29/18,6266.19,-163.497
10/30/18,6276.464,10.274
10/31/18,6321.714,45.25
11/1/18,6341.095,19.381
11/2/18,6360.141,19.046
11/3/18,6344.739,-15.402
11/4/18,6405.14,60.401
11/5/18,6396.352,-8.788
11/6/18,6425.918,29.566
11/7/18,6514.489,88.571
11/8/18,6412.524,-101.965
11/9/18,6343.633,-68.891
11/10/18,6365.655,22.022
11/11/18,6327.481,-38.174
11/12/18,6327.155,-0.326
11/13/18,6282.439,-44.716
11/14/18,5524.801,-757.638
11/15/18,5511.153,-13.648
11/16/18,5448.601,-62.552
11/17/18,5497.411,48.81
11/18/18,5553.015,55.604
11/19/18,4800.343,-752.672
11/20/18,4246.313,-554.03
11/21/18,4478.3,231.987
11/22/18,4405.744,-72.556
11/23/18,4329.917,-75.827
11/24/18,3728.873,-601.044
11/25/18,3951.205,222.332
11/26/18,3640.557,-310.648
11/27/18,3792.192,151.635
11/28/18,4174.32,382.128
11/29/18,4218.608,44.288
11/30/18,3952.448,-266.16
12/1/18,4178.604,226.156
12/2/18,4118.518,-60.086
12/3/18,3847.033,-271.485
12/4/18,3889.292,42.259
12/5/18,3713.573,-175.719
12/6/18,3578.207,-135.366
12/7/18,3391.874,-186.333
12/8/18,3452.616,60.742
12/9/18,3507.306,54.69
12/10/18,3419.734,-87.572
12/11/18,3360.947,-58.787
12/12/18,3414.834,53.887
12/13/18,3263.548,-151.286
12/14/18,3212.207,-51.341
12/15/18,3194.962,-17.245
12/16/18,3200.642,5.68
12/17/18,3478.461,277.819
12/18/18,3562.895,84.434
12/19/18,3709.317,146.422
12/20/18,4065.8,356.483
12/21/18,3824.74,-241.06
12/22/18,3862.726,37.986
12/23/18,3949.794,87.068
12/24/18,4054.296,104.502
12/25/18,3767.35,-286.946
12/26/18,3807.153,39.803
12/27/18,3587.198,-219.955
12/28/18,3865.529,278.331
12/29/18,3725.48,-140.049
12/30/18,3832.4,106.92
12/31/18,3689.565,-142.835
1/1/19,3715.564,25.999
1/2/19,3882.305,166.741
1/3/19,3795.593,-86.712
1/4/19,3812.381,16.788
1/5/19,3809.914,-2.467
1/6/19,4014.133,204.219
1/7/19,3989.632,-24.501
1/8/19,3992.986,3.354
1/9/19,3995.325,2.339
1/10/19,3617.346,-377.979
1/11/19,3606.165,-11.181
1/12/19,3611.528,5.363
1/13/19,3497.669,-113.859
1/14/19,3654.347,156.678
1/15/19,3568.751,-85.596
1/16/19,3593.722,24.971
1/17/19,3623.717,29.995
1/18/19,3605.855,-17.862
1/19/19,3690.909,85.054
1/20/19,3544.222,-146.687
1/21/19,3528.464,-15.758
1/22/19,3581.552,53.088
1/23/19,3549.771,-31.781
1/24/19,3562.92,13.149
1/25/19,3566.666,3.746
1/26/19,3563.278,-3.388
1/27/19,3539.621,-23.657
1/28/19,3425.262,-114.359
1/29/19,3395.019,-30.243
1/30/19,3441.032,46.013
1/31/19,3420.633,-20.399
2/1/19,3439.806,19.173
2/2/19,3433.035,-6.771
2/3/19,3404.499,-28.536
2/4/19,3412.23,7.731
2/5/19,3419.768,7.538
2/6/19,3367.519,-52.249
2/7/19,3360.534,-6.985
2/8/19,3591.022,230.488
2/9/19,3617.465,26.443
2/10/19,3621.154,3.689
2/11/19,3593.183,-27.971
2/12/19,3579.342,-13.841
2/13/19,3569.555,-9.787
2/14/19,3558.397,-11.158
2/15/19,3566.248,7.851
2/16/19,3596.405,30.157
2/17/19,3606.152,9.747
2/18/19,3865.318,259.166
2/19/19,3904.483,39.165
2/20/19,3924.74,20.257
2/21/19,3889.758,-34.982
2/22/19,3933.608,43.85
2/23/19,4105.113,171.505
2/24/19,3763.621,-341.492
2/25/19,3819.865,56.244
2/26/19,3797.582,-22.283
2/27/19,3772.936,-24.646
2/28/19,3799.679,26.743
3/1/19,3811.612,11.933
3/2/19,3804.419,-7.193
3/3/19,3782.664,-21.755
3/4/19,3689.863,-92.801
3/5/19,3832.081,142.218
3/6/19,3848.956,16.875
3/7/19,3859.84,10.884
3/8/19,3828.372,-31.468
3/9/19,3898.868,70.496
3/10/19,3899.656,0.788
3/11/19,3851.249,-48.407
3/12/19,3866.296,15.047
3/13/19,3846.274,-20.022
3/14/19,3855.744,9.47
3/15/19,3892.052,36.308
3/16/19,3985.851,93.799
3/17/19,3970.389,-15.462
3/18/19,3974.416,4.027
3/19/19,3996.037,21.621
3/20/19,4027.787,31.75
3/21/19,3974.811,-52.976
3/22/19,3987.305,12.494
3/23/19,3977.707,-9.598
3/24/19,3968.439,-9.268
3/25/19,3913.782,-54.657
3/26/19,3915.375,1.593
3/27/19,4018.591,103.216
3/28/19,4008.371,-10.22
3/29/19,4080.26,71.889
3/30/19,4081.222,0.962
3/31/19,4094.705,13.483
4/1/19,4135.185,40.48
4/2/19,4818.771,683.586
4/3/19,5102.151,283.38
4/4/19,4875.599,-226.552
4/5/19,5030.933,155.334
4/6/19,5028.321,-2.612
4/7/19,5198.173,169.852
4/8/19,5260.205,62.032
4/9/19,5179.998,-80.207
4/10/19,5283.544,103.546
4/11/19,5049.606,-233.938
4/12/19,5077.516,27.91
4/13/19,5066.867,-10.649
4/14/19,5158.387,91.52
4/15/19,5045.675,-112.712
4/16/19,5184.204,138.529
4/17/19,5220.96,36.756
4/18/19,5276.559,55.599
4/19/19,5266.661,-9.898
4/20/19,5292.148,25.487
4/21/19,5276.558,-15.59
4/22/19,5398.433,121.875
4/23/19,5552.522,154.089
4/24/19,5432.991,-119.531
4/25/19,5132.228,-300.763
4/26/19,5151.575,19.347
4/27/19,5200.193,48.618
4/28/19,5152.546,-47.647
4/29/19,5151.433,-1.113
4/30/19,5277.444,126.011
5/1/19,5297.942,20.498
5/2/19,5405.878,107.936
5/3/19,5697.679,291.801
5/4/19,5812.332,114.653
5/5/19,5713.035,-99.297
5/6/19,5706.008,-7.027
5/7/19,5899.53,193.522
5/8/19,5932.441,32.911
5/9/19,6159.686,227.245
5/10/19,6387.829,228.143
5/11/19,7254.806,866.977
5/12/19,6992.707,-262.099
5/13/19,7906.941,914.234
5/14/19,7928.417,21.476
5/15/19,8177.454,249.037
5/16/19,7820.076,-357.378
5/17/19,7243.651,-576.425
5/18/19,7295.65,51.999
5/19/19,8221.259,925.609
5/20/19,7917.012,-304.247
5/21/19,7961.129,44.117
5/22/19,7723.904,-237.225
5/23/19,7903.847,179.943
5/24/19,8038.507,134.66
5/25/19,8089.57,51.063
5/26/19,8653.142,563.572
5/27/19,8800.347,147.205
5/28/19,8719.331,-81.016
5/29/19,8672.4,-46.931
5/30/19,8287.04,-385.36
5/31/19,8513.204,226.164
6/1/19,8588.48,75.276
6/2/19,8744.266,155.786
6/3/19,8474.048,-270.218
6/4/19,7645.573,-828.475
6/5/19,7790.321,144.748
6/6/19,7730.882,-59.439
6/7/19,8030.256,299.374
6/8/19,7949.426,-80.83
6/9/19,7600.922,-348.504
6/10/19,7954.006,353.084
6/11/19,7903.625,-50.381
6/12/19,8151.789,248.164
6/13/19,8256.72,104.931
6/14/19,8667.788,411.068
6/15/19,8836.168,168.38
6/16/19,9061.54,225.372
6/17/19,9346.975,285.435
6/18/19,9012.488,-334.487
6/19/19,9259.124,246.636
6/20/19,9559.901,300.777
6/21/19,9906.408,346.507
6/22/19,10461.412,555.004
6/23/19,10843.571,382.159
6/24/19,10996.46,152.889
6/25/19,11665.41,668.95
6/26/19,12444.926,779.516
6/27/19,11086.269,-1358.657
6/28/19,12316.953,1230.684
6/29/19,12024.081,-292.872
6/30/19,10932.311,-1091.77
7/1/19,10454.684,-477.627
7/2/19,10800.13,345.446
7/3/19,11942.24,1142.11
7/4/19,11645.525,-296.715
7/5/19,10946.209,-699.316
7/6/19,11219.046,272.837
7/7/19,11422.114,203.068
7/8/19,12335.999,913.885
7/9/19,12575.904,239.905
7/10/19,12054.184,-521.72
7/11/19,11324.145,-730.039
7/12/19,11802.96,478.815
7/13/19,11279.603,-523.357
7/14/19,10506.396,-773.207
7/15/19,10934.483,428.087
7/16/19,9490.411,-1444.072
7/17/19,9733.132,242.721
7/18/19,10603.349,870.217
7/19/19,10466.261,-137.088
7/20/19,10983.216,516.955
7/21/19,10551.132,-432.084
7/22/19,10285.639,-265.493
7/23/19,10027.533,-258.106
7/24/19,9771.505,-256.028
7/25/19,9897.429,125.924
7/26/19,9812.226,-85.203
7/27/19,9440.14,-372.086
7/28/19,9495.855,55.715
7/29/19,9506.704,10.849
7/30/19,9572.735,66.031
7/31/19,10005.294,432.559
8/1/19,10385.201,379.907
8/2/19,10513.911,128.71
8/3/19,10831.26,317.349
8/4/19,10985.808,154.548
8/5/19,11811.787,825.979
8/6/19,11310.187,-501.6
8/7/19,11956.047,645.86
8/8/19,11817.455,-138.592
8/9/19,11827.575,10.12
8/10/19,11278.281,-549.294
8/11/19,11485.366,207.085
8/12/19,11391.969,-93.397
8/13/19,10869.379,-522.59
8/14/19,10211.499,-657.88
8/15/19,10386.54,175.041
8/16/19,10388.451,1.911
8/17/19,10212.101,-176.35
8/18/19,10335.373,123.272
8/19/19,10774.81,439.437
8/20/19,10818.507,43.697
8/21/19,10064.917,-753.59
8/22/19,10161.165,96.248
8/23/19,10364.281,203.116
8/24/19,10171.497,-192.784
8/25/19,10068.922,-102.575
8/26/19,10312.215,243.293
8/27/19,10122.197,-190.018
8/28/19,9743.162,-379.035
8/29/19,9487.976,-255.186
8/30/19,9590.736,102.76
8/31/19,9624.984,34.248
9/1/19,9780.668,155.684
9/2/19,10381.856,601.188
9/3/19,10691.311,309.455
9/4/19,10555.047,-136.264
9/5/19,10576.318,21.271
9/6/19,10334.024,-242.294
9/7/19,10495.227,161.203
9/8/19,10402.797,-92.43
9/9/19,10332.942,-69.855
9/10/19,10082.947,-249.995
9/11/19,10152.753,69.806
9/12/19,10396.767,244.014
9/13/19,10299.477,-97.29
9/14/19,10351.232,51.755
9/15/19,10302.191,-49.041
9/16/19,10301.66,-0.531
9/17/19,10231.422,-70.238
9/18/19,10168.288,-63.134
9/19/19,10223.506,55.218
9/20/19,10138.335,-85.171
9/21/19,9984.521,-153.814
9/22/19,10031.867,47.346
9/23/19,9719.719,-312.148
9/24/19,8688.974,-1030.745
9/25/19,8438.709,-250.265
9/26/19,8103.211,-335.498
9/27/19,8195.211,92
9/28/19,8146.414,-48.797
9/29/19,8085.713,-60.701
9/30/19,8241.341,155.628
10/1/19,8333.689,92.348
10/2/19,8273.464,-60.225
10/3/19,8203.844,-69.62
10/4/19,8163.903,-39.941
10/5/19,8137.147,-26.756
10/6/19,7853.693,-283.454
10/7/19,8236.208,382.515
10/8/19,8201.638,-34.57
10/9/19,8572.381,370.743
10/10/19,8582.145,9.764
10/11/19,8320.172,-261.973
10/12/19,8328.604,8.432
10/13/19,8282.177,-46.427
10/14/19,8337.819,55.642
10/15/19,8162.44,-175.379
10/16/19,8003.82,-158.62
10/17/19,8058.058,54.238
10/18/19,7970.239,-87.819
10/19/19,7943.347,-26.892
10/20/19,8200.319,256.972
10/21/19,8200.246,-0.073
10/22/19,8073.41,-126.836
10/23/19,7420.416,-652.994
10/24/19,7460.617,40.201
10/25/19,8591.224,1130.607
10/26/19,9171.307,580.083
10/27/19,9578.368,407.061
10/28/19,9458.223,-120.145
10/29/19,9455.725,-2.498
10/30/19,9225.995,-229.73
10/31/19,9131.411,-94.584
11/1/19,9197.632,66.221
11/2/19,9290.897,93.265
11/3/19,9202.415,-88.482
11/4/19,9369.628,167.213
11/5/19,9326.6,-43.028
11/6/19,9335.752,9.152
11/7/19,9226.486,-109.266
11/8/19,8794.359,-432.127
11/9/19,8798.042,3.683
11/10/19,9081.187,283.145
11/11/19,8711.534,-369.653
11/12/19,8760.893,49.359
11/13/19,8749.521,-11.372
11/14/19,8656.971,-92.55
11/15/19,8500.644,-156.327
11/16/19,8469.261,-31.383
11/17/19,8537.34,68.079
11/18/19,8205.806,-331.534
11/19/19,8118.489,-87.317
11/20/19,8074.843,-43.646
11/21/19,7612.741,-462.102
11/22/19,7262.111,-350.63
11/23/19,7303.406,41.295
11/24/19,7041.733,-261.673
11/25/19,7211.862,170.129
11/26/19,7141.069,-70.793
11/27/19,7523.481,382.412
11/28/19,7390.207,-133.274
11/29/19,7729.266,339.059
11/30/19,7542.236,-187.03
12/1/19,7381.963,-160.273
12/2/19,7333.433,-48.53
12/3/19,7315.368,-18.065
12/4/19,7213.734,-101.634
12/5/19,7398.787,185.053
12/6/19,7511.881,113.094
12/7/19,7532.124,20.243
12/8/19,7550.239,18.115
12/9/19,7333.096,-217.143
12/10/19,7239.763,-93.333
12/11/19,7198.067,-41.696
12/12/19,7190.272,-7.795
12/13/19,7238.874,48.602
12/14/19,7087.025,-151.849
12/15/19,7112.731,25.706
12/16/19,6883.496,-229.235
12/17/19,6584.029,-299.467
12/18/19,7424.015,839.986
12/19/19,7147.568,-276.447
12/20/19,7139.933,-7.635
12/21/19,7286.335,146.402
12/22/19,7236.986,-49.349
12/23/19,7166.172,-70.814
12/24/19,7235.627,69.455
12/25/19,7212.809,-22.818
12/26/19,7183.707,-29.102
12/27/19,7227.294,43.587
12/28/19,7311.561,84.267
12/29/19,7385.465,73.904
12/30/19,7251.277,-134.188
12/31/19,7179.958,-71.319
1/1/20,7174.744,-5.214
1/2/20,6955.488,-219.256
1/3/20,7291.22,335.732
1/4/20,7337.637,46.417
1/5/20,7347.433,9.796
1/6/20,7713.861,366.428
1/7/20,8039.604,325.743
1/8/20,8067.606,28.002
1/9/20,7808.701,-258.905
1/10/20,8087.453,278.752
1/11/20,8078.994,-8.459
1/12/20,8149.314,70.32
1/13/20,8116.961,-32.353
1/14/20,8735.142,618.181
1/15/20,8843.676,108.534
1/16/20,8711.638,-132.038
1/17/20,8925.299,213.661
1/18/20,8939.864,14.565
1/19/20,8638.181,-301.683
1/20/20,8652.684,14.503
1/21/20,8708.786,56.102
1/22/20,8635.074,-73.712
1/23/20,8384.089,-250.985
1/24/20,8451.232,67.143
1/25/20,8347.568,-103.664
1/26/20,8562.307,214.739
1/27/20,8881.962,319.655
1/28/20,9131.115,249.153
1/29/20,9320.978,189.863
1/30/20,9545.078,224.1
1/31/20,9388.881,-156.197
2/1/20,9363.193,-25.688
2/2/20,9385.26,22.067
2/3/20,9269.707,-115.553
2/4/20,9177.895,-91.812
2/5/20,9625.457,447.562
2/6/20,9681.377,55.92
2/7/20,9795.344,113.967
2/8/20,9927.778,132.434
2/9/20,10132.706,204.928
2/10/20,9838.9,-293.806
2/11/20,10236.635,397.735
2/12/20,10364.926,128.291
2/13/20,10218.1,-146.826
2/14/20,10367.528,149.428
2/15/20,9926.354,-441.174
2/16/20,9876.235,-50.119
2/17/20,9636.624,-239.611
2/18/20,10189.996,553.372
2/19/20,9701.037,-488.959
2/20/20,9631.485,-69.552
2/21/20,9670.859,39.374
2/22/20,9689.087,18.228
2/23/20,9919.551,230.464
2/24/20,9640.47,-279.081
2/25/20,9392.87,-247.6
2/26/20,8787.978,-604.892
2/27/20,8784.995,-2.983
2/28/20,8778.471,-6.524
2/29/20,8639.591,-138.88
3/1/20,8548.948,-90.643
3/2/20,8923.044,374.096
3/3/20,8791.112,-131.932
3/4/20,8756.961,-34.151
3/5/20,9078.579,321.618
3/6/20,9126.637,48.058
3/7/20,8925.213,-201.424
3/8/20,8166.314,-758.899
3/9/20,7875.751,-290.563
3/10/20,7959.228,83.477
3/11/20,7955.306,-3.922
3/12/20,5800.209,-2155.097
3/13/20,5672.681,-127.528
3/14/20,5304.15,-368.531
3/15/20,5355.187,51.037
3/16/20,4944.702,-410.485
3/17/20,5465.583,520.881
3/18/20,5363.823,-101.76
3/19/20,6301.063,937.24
3/20/20,6185.28,-115.783
3/21/20,6187.054,1.774
3/22/20,5884.34,-302.714
3/23/20,6455.455,571.115
3/24/20,6784.318,328.863
3/25/20,6706.985,-77.333
3/26/20,6721.495,14.51
3/27/20,6682.78,-38.715
3/28/20,6229.488,-453.292
3/29/20,5922.49,-306.998
3/30/20,6483.739,561.249
3/31/20,6446.421,-37.318
4/1/20,6537.336,90.915
4/2/20,6850.559,313.223
4/3/20,6776.37,-74.189
4/4/20,6855.933,79.563
4/5/20,6805.362,-50.571
4/6/20,7278.244,472.882
4/7/20,7175.667,-102.577
4/8/20,7367.293,191.626
4/9/20,7321.817,-45.476
4/10/20,6866.398,-455.419
4/11/20,6873.848,7.45
4/12/20,7043.439,169.591
4/13/20,6889.864,-153.575
4/14/20,6887.555,-2.309
4/15/20,6718.8,-168.755
4/16/20,7166.583,447.783
4/17/20,7065.082,-101.501
4/18/20,7277.141,212.059
4/19/20,7185.87,-91.271
4/20/20,6856.146,-329.724
4/21/20,6904.476,48.33
4/22/20,7118.389,213.913
4/23/20,7562.033,443.644
4/24/20,7497.862,-64.171
4/25/20,7542.303,44.441
4/26/20,7624.854,82.551
4/27/20,7776.508,151.654
4/28/20,7761.759,-14.749
4/29/20,8773.106,1011.347
4/30/20,8767.673,-5.433
5/1/20,8853.774,86.101
5/2/20,8963.058,109.284
5/3/20,8904.714,-58.344
5/4/20,8887.506,-17.208
5/5/20,8978.284,90.778
5/6/20,9371.684,393.4
5/7/20,9900.679,528.995
5/8/20,9917.248,16.569
5/9/20,9617.518,-299.73
5/10/20,8786.655,-830.863
5/11/20,8608.125,-178.53
5/12/20,8815.231,207.106
5/13/20,9330.986,515.755
5/14/20,9757.297,426.311
5/15/20,9362.636,-394.661
5/16/20,9418.919,56.283
5/17/20,9684.702,265.783
5/18/20,9723.68,38.978
5/19/20,9719.481,-4.199
5/20/20,9540.887,-178.594
5/21/20,9141.151,-399.736
5/22/20,9192.845,51.694
5/23/20,9220.076,27.231
5/24/20,9048.715,-171.361
5/25/20,8905.782,-142.933
5/26/20,8835.727,-70.055
5/27/20,9112.979,277.252
5/28/20,9507.525,394.546
5/29/20,9425.282,-82.243
5/30/20,9688.324,263.042
5/31/20,9427.67,-260.654
6/1/20,10268.582,840.912
6/2/20,9516.135,-752.447
6/3/20,9667.061,150.926
6/4/20,9811.367,144.306
6/5/20,9659.661,-151.706
6/6/20,9677.051,17.39
6/7/20,9737.459,60.408
6/8/20,9791.928,54.469
6/9/20,9786.142,-5.786
6/10/20,9874.967,88.825
6/11/20,9260.833,-614.134
6/12/20,9464.228,203.395
6/13/20,9458.66,-5.568
6/14/20,9351.954,-106.706
6/15/20,9441.769,89.815
6/16/20,9510.661,68.892
6/17/20,9457.627,-53.034
6/18/20,9398.642,-58.985
6/19/20,9279.761,-118.881
6/20/20,9353.078,73.317
6/21/20,9289.104,-63.974
6/22/20,9680.947,391.843
6/23/20,9609.68,-71.267
6/24/20,9311.136,-298.544
6/25/20,9252.633,-58.503
6/26/20,9171.732,-80.901
6/27/20,9022.154,-149.578
6/28/20,9101.85,79.696
6/29/20,9188.061,86.211
6/30/20,9148.445,-39.616
7/1/20,9236.317,87.872
7/2/20,9097.797,-138.52
7/3/20,9094.325,-3.472
7/4/20,9124.654,30.329
7/5/20,9055.464,-69.19
7/6/20,9278.806,223.342
7/7/20,9244.416,-34.39
7/8/20,9471.76,227.344
7/9/20,9236.143,-235.617
7/10/20,9243.175,7.032
7/11/20,9229.86,-13.315
7/12/20,9286.737,56.877
7/13/20,9238.994,-47.743
7/14/20,9260.471,21.477
7/15/20,9211.026,-49.445
7/16/20,9133.778,-77.248
7/17/20,9160.411,26.633
7/18/20,9176.686,16.275
7/19/20,9190.272,13.586
7/20/20,9172.588,-17.684
7/21/20,9395.064,222.476
7/22/20,9530.791,135.727
7/23/20,9617.378,86.587
7/24/20,9568.975,-48.403
7/25/20,9708.949,139.974
7/26/20,9938.951,230.002
7/27/20,11187.78,1248.829
7/28/20,10939.67,-248.11
7/29/20,11284.459,344.789
7/30/20,11118.918,-165.541
7/31/20,11373.317,254.399
8/1/20,11766.748,393.431
8/2/20,11139.098,-627.65
8/3/20,11261.806,122.708
8/4/20,11228.026,-33.78
8/5/20,11653.408,425.382
8/6/20,11796.817,143.409
8/7/20,11639.935,-156.882
8/8/20,11744.912,104.977
8/9/20,11673.123,-71.789
8/10/20,11832.227,159.104
8/11/20,11340.582,-491.645
8/12/20,11549.546,208.964
8/13/20,11752.169,202.623
8/14/20,11783.283,31.114
8/15/20,11895.627,112.344
8/16/20,11896.947,1.32
8/17/20,12399.112,502.165
8/18/20,12071.739,-327.373
8/19/20,11749.83,-321.909
8/20/20,11833.897,84.067
8/21/20,11583.139,-250.758
8/22/20,11674.624,91.485
8/23/20,11666.41,-8.214
8/24/20,11744.013,77.603
8/25/20,11378.726,-365.287
8/26/20,11458.823,80.097
8/27/20,11302.121,-156.702
8/28/20,11482.226,180.105
8/29/20,11515.044,32.818
8/30/20,11657.004,141.96
8/31/20,11678.373,21.369
9/1/20,11964.209,285.836
9/2/20,11427.703,-536.506
9/3/20,10712.921,-714.782
9/4/20,10563.897,-149.024
9/5/20,10042.855,-521.042
9/6/20,10207.605,164.75
9/7/20,10381.776,174.171
9/8/20,10043.196,-338.58
9/9/20,10268.461,225.265
9/10/20,10341.016,72.555
9/11/20,10380.54,39.524
9/12/20,10436.365,55.825
9/13/20,10313.069,-123.296
9/14/20,10680.298,367.229
9/15/20,10829.505,149.207
9/16/20,11033.384,203.879
9/17/20,10937.111,-96.273
9/18/20,10933.931,-3.18
9/19/20,11048.879,114.948
9/20/20,10852.91,-195.969
9/21/20,10526.203,-326.707
9/22/20,10531.165,4.962
9/23/20,10260.033,-271.132
9/24/20,10672.957,412.924
9/25/20,10729.07,56.113
9/26/20,10741.476,12.406
9/27/20,10752.345,10.869
9/28/20,10863.066,110.721
9/29/20,10764.284,-98.782
9/30/20,10741.58,-22.704
10/1/20,10626.601,-114.979
10/2/20,10567.33,-59.271
10/3/20,10555.029,-12.301
10/4/20,10660.611,105.582
10/5/20,10756.405,95.794
10/6/20,10589.626,-166.779
10/7/20,10645.755,56.129
10/8/20,10897.595,251.84
10/9/20,11052.395,154.8
10/10/20,11360.853,308.458
10/11/20,11334.027,-26.826
10/12/20,11666.212,332.185
10/13/20,11443.733,-222.479
10/14/20,11395.547,-48.186
10/15/20,11504.549,109.002
10/16/20,11355.16,-149.389
10/17/20,11358.706,3.546
10/18/20,11471.003,112.297
10/19/20,11776.593,305.59
10/20/20,11936.363,159.77
10/21/20,13102.934,1166.571
10/22/20,13140.669,37.735
10/23/20,12933.824,-206.845
10/24/20,13081.673,147.849
10/25/20,13008.453,-73.22
10/26/20,13033.524,25.071
10/27/20,13721.282,687.758
10/28/20,13282.26,-439.022
10/29/20,13467.732,185.472
10/30/20,13573.711,105.979
10/31/20,13891.217,317.506
11/1/20,13730.197,-161.02
11/2/20,13633.698,-96.499
11/3/20,13832.938,199.24
11/4/20,14163.977,331.039
11/5/20,15424.528,1260.551
11/6/20,15540.597,116.069
11/7/20,14783.982,-756.615
11/8/20,15500.334,716.352
11/9/20,15283.78,-216.554
11/10/20,15374.044,90.264
11/11/20,15820.495,446.451
11/12/20,16253.31,432.815
11/13/20,16347.045,93.735
11/14/20,15991.833,-355.212
11/15/20,15918.08,-73.753
11/16/20,16752.003,833.923
11/17/20,17593.486,841.483
11/18/20,17834.637,241.151
11/19/20,17954.858,120.221
11/20/20,18612.871,658.013
11/21/20,18591.857,-21.014
11/22/20,18629.996,38.139
11/23/20,18469.2,-160.796
11/24/20,19045.736,576.536
11/25/20,18746.935,-298.801
11/26/20,17187.406,-1559.529
11/27/20,17023.961,-163.445
11/28/20,17814.78,790.819
11/29/20,18114.414,299.634
11/30/20,19382.361,1267.947
12/1/20,18980.977,-401.384
12/2/20,19184.898,203.921
12/3/20,19464.532,279.634
12/4/20,18813.125,-651.407
12/5/20,19045.02,231.895
12/6/20,19113.933,68.913
12/7/20,19107.6,-6.333
12/8/20,18682.458,-425.142
12/9/20,18543.007,-139.451
12/10/20,18359.477,-183.53
12/11/20,18137.319,-222.158
12/12/20,18882.26,744.941
12/13/20,19060.277,178.017
12/14/20,19251.224,190.947
12/15/20,19443.476,192.252
12/16/20,21310.656,1867.18
12/17/20,22895.976,1585.32
12/18/20,23008.776,112.8
12/19/20,23890.823,882.047
12/20/20,23537.37,-353.453
12/21/20,23177.271,-360.099
12/22/20,23433.981,256.71
12/23/20,23224.454,-209.527
12/24/20,23623.886,399.432
12/25/20,24581.006,957.12
12/26/20,26381.296,1800.29
12/27/20,26389.29,7.994
12/28/20,26718.029,328.739
12/29/20,26975.73,257.701
12/30/20,28768.836,1793.106
12/31/20,29111.522,342.686
1/1/21,29333.605,222.083
1/2/21,32154.167,2820.562
1/3/21,33002.536,848.369
1/4/21,31431.612,-1570.924
1/5/21,34433.607,3001.995
1/6/21,36275.756,1842.149
1/7/21,39713.508,3437.752
1/8/21,40519.449,805.941
1/9/21,40258.924,-260.525
1/10/21,38709.765,-1549.159
1/11/21,34409.642,-4300.123
1/12/21,34214.61,-195.032
1/13/21,37017.008,2802.398
1/14/21,38435.864,1418.856
1/15/21,36751.585,-1684.279
1/16/21,36016.78,-734.805
1/17/21,36375.811,359.031
1/18/21,36346.61,-29.201
1/19/21,36577.52,230.91
1/20/21,35004.533,-1572.987
1/21/21,30606.183,-4398.35
1/22/21,33368.366,2762.183
1/23/21,32070.097,-1298.269
1/24/21,32285.726,215.629
1/25/21,32500.256,214.53
1/26/21,32324.556,-175.7
1/27/21,30534.999,-1789.557
1/28/21,33408.218,2873.219
1/29/21,34842.557,1434.339
1/30/21,34622.373,-220.184
1/31/21,33087.37,-1535.003
2/1/21,33613.321,525.951
2/2/21,35632.902,2019.581
2/3/21,37397.426,1764.524
2/4/21,37256.252,-141.174
2/5/21,37851.597,595.345
2/6/21,40302.8,2451.203
2/7/21,38461.681,-1841.119
2/8/21,44716.685,6255.004
2/9/21,46674.852,1958.167
2/10/21,45237.476,-1437.376
2/11/21,47500.898,2263.422
2/12/21,47884.183,383.285
2/13/21,47005.191,-878.992
2/14/21,49151.168,2145.977
2/15/21,48125.992,-1025.176
2/16/21,48840.414,714.422
2/17/21,52165.303,3324.889
2/18/21,51728.509,-436.794
2/19/21,55719.204,3990.695
2/20/21,54801.649,-917.555
2/21/21,57128.643,2326.994
2/22/21,54181.915,-2946.728
2/23/21,48172.877,-6009.038
2/24/21,48745.433,572.556
2/25/21,48291.412,-454.021
2/26/21,45752.115,-2539.297
2/27/21,46642.606,890.491
2/28/21,45092.807,-1549.799
3/1/21,49248.914,4156.107
3/2/21,47900.777,-1348.137
3/3/21,50811.855,2911.078
3/4/21,48259.487,-2552.368
3/5/21,49149.731,890.244
3/6/21,48879.152,-270.579
3/7/21,50594.699,1715.547
3/8/21,51503.258,908.559
3/9/21,54458.038,2954.78
3/10/21,56915.174,2457.136
3/11/21,57636.758,721.584
3/12/21,57306.166,-330.592
3/13/21,60743.042,3436.876
3/14/21,60197.902,-545.14
3/15/21,56300.334,-3897.568
3/16/21,56639.784,339.45
3/17/21,58567.284,1927.5
3/18/21,57983.095,-584.189
3/19/21,58451.731,468.636
3/20/21,58593.602,141.871
3/21/21,57796.467,-797.135
3/22/21,54329.359,-3467.108
3/23/21,54794.298,464.939
3/24/21,52787.746,-2006.552
3/25/21,52173.868,-613.878
3/26/21,54483.046,2309.178
3/27/21,56234.356,1751.31
3/28/21,55343.926,-890.43
3/29/21,57627.679,2283.753
3/30/21,58734.475,1106.796
3/31/21,58724.665,-9.81
4/1/21,58984.613,259.948
4/2/21,58821.627,-162.986
4/3/21,57517.799,-1303.828
4/4/21,58177.403,659.604
4/5/21,58843.56,666.157
4/6/21,58040.188,-803.372
4/7/21,56508.943,-1531.245
4/8/21,57880.906,1371.963
4/9/21,58171.909,291.003
4/10/21,59295.95,1124.041
4/11/21,59822.902,526.952
4/12/21,59853.197,30.295
4/13/21,63223.884,3370.687
4/14/21,62926.557,-297.327
4/15/21,63346.789,420.232
4/16/21,61965.783,-1381.006
4/17/21,60574.445,-1391.338
4/18/21,56850.83,-3723.615
4/19/21,56224.102,-626.728
4/20/21,56608.77,384.668
4/21/21,54144.427,-2464.343
4/22/21,51965.06,-2179.367
4/23/21,50669.144,-1295.916
4/24/21,50733.77,64.626
4/25/21,48542.952,-2190.818
4/26/21,53558.708,5015.756
4/27/21,55123.862,1565.154
4/28/21,54591.515,-532.347
4/29/21,53260.295,-1331.22
4/30/21,57302.646,4042.351
5/1/21,57677.975,375.329
5/2/21,56427.043,-1250.932
5/3/21,57255.307,828.264
5/4/21,53658.843,-3596.464
5/5/21,57252.702,3593.859
5/6/21,56583.85,-668.852
5/7/21,57107.121,523.271
5/8/21,58788.21,1681.089
5/9/21,58102.191,-686.019
5/10/21,55715.547,-2386.644
5/11/21,56573.555,858.008
5/12/21,52147.821,-4425.734